date,gbp_rate
2020-02-24,5.7281
2020-02-25,5.7552
2020-02-26,5.7166
2020-02-27,5.6544
2020-02-28,5.6207
2020-03-02,5.5453
2020-03-03,5.5327
2020-03-04,5.5187
2020-03-05,5.5639
2020-03-06,5.5299
2020-03-09,5.5238
2020-03-10,5.5361
2020-03-11,5.5035
2020-03-12,5.4637
2020-03-13,5.4379
2020-03-16,5.3162
2020-03-17,5.3123
2020-03-18,5.2799
2020-03-19,5.1647
2020-03-20,5.3177
2020-03-23,5.2518
2020-03-24,5.2435
2020-03-25,5.3303
2020-03-26,5.2732
2020-03-27,5.3759
2020-03-30,5.4096
2020-03-31,5.423
2020-04-01,5.4549
2020-04-02,5.4966
2020-04-03,5.4858
2020-04-06,5.4926
2020-04-07,5.4595
2020-04-08,5.4833
2020-04-09,5.5115
2020-04-10,5.5048
2020-04-13,5.5222
2020-04-14,5.5399
2020-04-15,5.5327
2020-04-16,5.5532
2020-04-21,5.51
2020-04-22,5.5039
2020-04-23,5.5441
2020-04-24,5.5423
2020-04-27,5.5421
2020-04-28,5.5638
2020-04-29,5.5378
2020-04-30,5.5644
2020-05-04,5.5023
2020-05-05,5.5397
2020-05-06,5.5335
2020-05-07,5.5241
2020-05-08,5.5143
2020-05-11,5.5163
2020-05-12,5.5046
2020-05-13,5.4873
2020-05-14,5.4709
2020-05-15,5.461
2020-05-18,5.4272
2020-05-19,5.4121
2020-05-20,5.4205
2020-05-21,5.4004
2020-05-22,5.4112
2020-05-25,5.4098
2020-05-26,5.4384
2020-05-27,5.4302
2020-05-28,5.3915
2020-05-29,5.3509
2020-06-02,5.4413
2020-06-03,5.4325
2020-06-04,5.4094
2020-06-05,5.3923
2020-06-09,5.4253
2020-06-10,5.4251
2020-06-11,5.3944
2020-06-12,5.3957
2020-06-15,5.3857
2020-06-16,5.4006
2020-06-17,5.3938
2020-06-18,5.3759
2020-06-19,5.3608
2020-06-22,5.3577
2020-06-23,5.3408
2020-06-24,5.3611
2020-06-25,5.3638
2020-06-26,5.3454
2020-06-29,5.3026
2020-06-30,5.302
2020-07-01,5.3459
2020-07-02,5.3578
2020-07-03,5.3598
2020-07-06,5.3551
2020-07-07,5.3548
2020-07-08,5.377
2020-07-09,5.4099
2020-07-10,5.4092
2020-07-13,5.3932
2020-07-14,5.3361
2020-07-15,5.3434
2020-07-16,5.3298
2020-07-17,5.325
2020-07-20,5.3222
2020-07-21,5.3686
2020-07-22,5.3141
2020-07-23,5.31
2020-07-24,5.3057
2020-07-27,5.2972
2020-07-28,5.306
2020-07-29,5.3361
2020-07-30,5.3435
2020-07-31,5.3503
2020-08-03,5.3685
2020-08-04,5.3537
2020-08-05,5.3448
2020-08-06,5.3679
2020-08-07,5.3607
2020-08-10,5.3702
2020-08-11,5.3722
2020-08-12,5.3638
2020-08-13,5.3431
2020-08-14,5.3603
2020-08-17,5.346
2020-08-18,5.3483
2020-08-19,5.3653
2020-08-20,5.3612
2020-08-21,5.3925
2020-08-24,5.367
2020-08-25,5.3635
2020-08-26,5.3863
2020-08-27,5.4096
2020-08-28,5.3997
2020-08-31,5.4077
2020-09-01,5.4301
2020-09-02,5.4502
2020-09-03,5.4435
2020-09-04,5.4424
2020-09-07,5.4142
2020-09-08,5.3754
2020-09-09,5.3437
2020-09-10,5.3424
2020-09-11,5.2304
2020-09-14,5.2637
2020-09-15,5.2659
2020-09-16,5.2943
2020-09-17,5.3445
2020-09-18,5.322
2020-09-21,5.2937
2020-09-22,5.291
2020-09-23,5.2908
2020-09-24,5.3309
2020-09-25,5.3319
2020-09-28,5.3758
2020-09-29,5.3626
2020-09-30,5.3406
2020-10-01,5.3291
2020-10-02,5.3737
2020-10-05,5.3661
2020-10-06,5.3722
2020-10-07,5.3407
2020-10-08,5.3588
2020-10-09,5.343
2020-10-12,5.3746
2020-10-13,5.3939
2020-10-14,5.3746
2020-10-15,5.3977
2020-10-16,5.3835
2020-10-19,5.3917
2020-10-20,5.3552
2020-10-21,5.3705
2020-10-22,5.3917
2020-10-23,5.3849
2020-10-26,5.3888
2020-10-27,5.3742
2020-10-28,5.3881
2020-10-29,5.4016
2020-10-30,5.4111
2020-11-02,5.3964
2020-11-03,5.4047
2020-11-04,5.4071
2020-11-05,5.3854
2020-11-06,5.3896
2020-11-09,5.3867
2020-11-10,5.4682
2020-11-11,5.4777
2020-11-12,5.4355
2020-11-13,5.4287
2020-11-16,5.4221
2020-11-17,5.4361
2020-11-18,5.4533
2020-11-19,5.4549
2020-11-20,5.4535
2020-11-23,5.482
2020-11-24,5.4738
2020-11-25,5.4563
2020-11-26,5.4621
2020-11-27,5.4471
2020-12-02,5.3981
2020-12-03,5.3968
2020-12-04,5.3819
2020-12-07,5.3415
2020-12-08,5.3697
2020-12-09,5.4014
2020-12-10,5.357
2020-12-11,5.3063
2020-12-14,5.3833
2020-12-15,5.3369
2020-12-16,5.3884
2020-12-17,5.4144
2020-12-18,5.3695
2020-12-21,5.2964
2020-12-22,5.339
2020-12-23,5.3664
2020-12-24,5.4354
2020-12-28,5.3833
2020-12-29,5.3646
2020-12-30,5.3968
2020-12-31,5.4201
2021-01-04,5.4234
2021-01-05,5.3871
2021-01-06,5.3943
2021-01-07,5.3938
2021-01-08,5.4055
2021-01-11,5.4061
2021-01-12,5.4451
2021-01-13,5.4734
2021-01-14,5.4698
2021-01-15,5.4853
2021-01-18,5.4696
2021-01-19,5.4736
2021-01-20,5.5103
2021-01-21,5.5099
2021-01-22,5.4696
2021-01-25,5.4892
2021-01-26,5.4869
2021-01-27,5.521
2021-01-28,5.4989
2021-01-29,5.5021
2021-02-01,5.5304
2021-02-02,5.5385
2021-02-03,5.5277
2021-02-04,5.5185
2021-02-05,5.572
2021-02-08,5.5475
2021-02-09,5.5449
2021-02-10,5.5666
2021-02-11,5.5555
2021-02-12,5.5516
2021-02-15,5.5881
2021-02-16,5.5845
2021-02-17,5.603
2021-02-18,5.6275
2021-02-19,5.6193
2021-02-22,5.6364
2021-02-23,5.6522
2021-02-24,5.6714
2021-02-25,5.6427
2021-02-26,5.5894
2021-03-01,5.6469
2021-03-02,5.6329
2021-03-03,5.6412
2021-03-04,5.6437
2021-03-05,5.6478
2021-03-08,5.6917
2021-03-09,5.6953
2021-03-10,5.7063
2021-03-11,5.7012
2021-03-12,5.7102
2021-03-15,5.704
2021-03-16,5.6631
2021-03-17,5.7122
2021-03-18,5.7195
2021-03-19,5.7191
2021-03-22,5.6806
2021-03-23,5.6603
2021-03-24,5.6666
2021-03-25,5.6769
2021-03-26,5.7147
2021-03-29,5.7486
2021-03-30,5.7614
2021-03-31,5.7864
2021-04-01,5.7615
2021-04-02,5.7656
2021-04-05,5.8021
2021-04-06,5.7576
2021-04-07,5.7192
2021-04-08,5.7007
2021-04-09,5.6712
2021-04-12,5.6802
2021-04-13,5.6963
2021-04-14,5.6719
2021-04-15,5.6701
2021-04-16,5.6647
2021-04-19,5.6851
2021-04-20,5.7162
2021-04-21,5.7173
2021-04-22,5.687
2021-04-23,5.6702
2021-04-26,5.6625
2021-04-27,5.6666
2021-04-28,5.6704
2021-04-29,5.67
2021-05-04,5.6937
2021-05-05,5.703
2021-05-06,5.6915
2021-05-07,5.677
2021-05-10,5.7056
2021-05-11,5.7238
2021-05-12,5.7396
2021-05-13,5.7278
2021-05-14,5.7191
2021-05-17,5.7135
2021-05-18,5.7268
2021-05-19,5.7168
2021-05-20,5.7099
2021-05-21,5.7258
2021-05-24,5.7028
2021-05-25,5.6978
2021-05-26,5.6934
2021-05-27,5.6948
2021-05-28,5.7248
2021-05-31,5.7227
2021-06-02,5.7129
2021-06-03,5.7264
2021-06-04,5.7405
2021-06-07,5.7231
2021-06-08,5.718
2021-06-09,5.724
2021-06-10,5.7025
2021-06-11,5.7275
2021-06-14,5.7235
2021-06-15,5.7176
2021-06-16,5.7324
2021-06-17,5.762
2021-06-18,5.7441
2021-06-22,5.7465
2021-06-23,5.7599
2021-06-24,5.7569
2021-06-25,5.7365
2021-06-28,5.7413
2021-06-29,5.7335
2021-06-30,5.7374
2021-07-01,5.7244
2021-07-02,5.7313
2021-07-05,5.7466
2021-07-06,5.762
2021-07-07,5.7498
2021-07-08,5.7432
2021-07-09,5.7364
2021-07-12,5.7605
2021-07-13,5.7669
2021-07-14,5.7874
2021-07-15,5.7553
2021-07-16,5.7641
2021-07-19,5.7448
2021-07-20,5.7006
2021-07-21,5.7032
2021-07-22,5.736
2021-07-23,5.7455
2021-07-26,5.7543
2021-07-27,5.755
2021-07-28,5.7767
2021-07-29,5.7815
2021-07-30,5.7754
2021-08-02,5.7547
2021-08-03,5.7564
2021-08-04,5.7813
2021-08-05,5.7837
2021-08-06,5.7886
2021-08-09,5.8033
2021-08-10,5.8096
2021-08-11,5.7973
2021-08-12,5.8012
2021-08-13,5.7715
2021-08-16,5.7744
2021-08-17,5.7713
2021-08-18,5.7806
2021-08-19,5.7682
2021-08-20,5.7544
2021-08-23,5.751
2021-08-24,5.758
2021-08-25,5.7568
2021-08-26,5.758
2021-08-27,5.7529
2021-08-30,5.7526
2021-08-31,5.7458
2021-09-01,5.7421
2021-09-02,5.7492
2021-09-03,5.7608
2021-09-06,5.7727
2021-09-07,5.7591
2021-09-08,5.7634
2021-09-09,5.7796
2021-09-10,5.7917
2021-09-13,5.7958
2021-09-14,5.8045
2021-09-15,5.7879
2021-09-16,5.8091
2021-09-17,5.788
2021-09-20,5.7761
2021-09-21,5.7725
2021-09-22,5.7509
2021-09-23,5.7704
2021-09-24,5.7803
2021-09-27,5.7938
2021-09-28,5.7829
2021-09-29,5.7361
2021-09-30,5.7431
2021-10-01,5.7634
2021-10-04,5.7889
2021-10-05,5.8088
2021-10-06,5.8103
2021-10-07,5.8144
2021-10-08,5.8251
2021-10-11,5.8318
2021-10-12,5.8252
2021-10-13,5.8337
2021-10-14,5.8472
2021-10-15,5.8523
2021-10-18,5.8686
2021-10-19,5.8603
2021-10-20,5.8649
2021-10-21,5.8624
2021-10-22,5.8655
2021-10-25,5.8502
2021-10-26,5.875
2021-10-27,5.8647
2021-10-28,5.8714
2021-10-29,5.8529
2021-11-01,5.8372
2021-11-02,5.8152
2021-11-03,5.8169
2021-11-04,5.8418
2021-11-05,5.7641
2021-11-08,5.7713
2021-11-09,5.8026
2021-11-10,5.7863
2021-11-11,5.7794
2021-11-12,5.7907
2021-11-15,5.7994
2021-11-16,5.8592
2021-11-17,5.8778
2021-11-18,5.8893
2021-11-19,5.8794
2021-11-22,5.8918
2021-11-23,5.8777
2021-11-24,5.8974
2021-11-25,5.8752
2021-11-26,5.8407
2021-11-29,5.8544
2021-12-02,5.8169
2021-12-03,5.8121
2021-12-06,5.8051
2021-12-07,5.8231
2021-12-08,5.7881
2021-12-09,5.7689
2021-12-10,5.7961
2021-12-13,5.8177
2021-12-14,5.7892
2021-12-15,5.8239
2021-12-16,5.817
2021-12-17,5.8062
2021-12-20,5.7952
2021-12-21,5.8081
2021-12-22,5.8346
2021-12-23,5.8621
2021-12-24,5.8513
2021-12-27,5.8612
2021-12-28,5.8747
2021-12-29,5.8857
2021-12-30,5.8951
2021-12-31,5.8994
2022-01-03,5.8856
2022-01-04,5.9153
2022-01-05,5.9198
2022-01-06,5.9135
2022-01-07,5.9208
2022-01-10,5.9286
2022-01-11,5.937
2022-01-12,5.9315
2022-01-13,5.9267
2022-01-14,5.9246
2022-01-17,5.9242
2022-01-18,5.9102
2022-01-19,5.9367
2022-01-20,5.9366
2022-01-21,5.9178
2022-01-25,5.9008
2022-01-26,5.9238
2022-01-27,5.93
2022-01-28,5.9485
2022-01-31,5.9528
2022-02-01,5.9313
2022-02-02,5.9268
2022-02-03,5.939
2022-02-04,5.8511
2022-02-07,5.8477
2022-02-08,5.8666
2022-02-09,5.8715
2022-02-10,5.8656
2022-02-11,5.8862
2022-02-14,5.9104
2022-02-15,5.9026
2022-02-16,5.8879
2022-02-17,5.9169
2022-02-18,5.924
2022-02-21,5.9321
2022-02-22,5.9118
2022-02-23,5.9234
2022-02-24,5.9418
2022-02-25,5.9214
2022-02-28,5.9187
2022-03-01,5.9301
2022-03-02,5.9383
2022-03-03,5.974
2022-03-04,5.9873
2022-03-07,6.0112
2022-03-08,5.9701
2022-03-09,5.9369
2022-03-10,5.9016
2022-03-11,5.8968
2022-03-14,5.8843
2022-03-15,5.8651
2022-03-16,5.876
2022-03-17,5.904
2022-03-18,5.8864
2022-03-21,5.8828
2022-03-22,5.9355
2022-03-23,5.9435
2022-03-24,5.9419
2022-03-25,5.9268
2022-03-28,5.9183
2022-03-29,5.8661
2022-03-30,5.833
2022-03-31,5.8374
2022-04-01,5.8762
2022-04-04,5.885
2022-04-05,5.9149
2022-04-06,5.9339
2022-04-07,5.9371
2022-04-08,5.9298
2022-04-11,5.9017
2022-04-12,5.9126
2022-04-13,5.9334
2022-04-14,5.952
2022-04-15,5.9719
2022-04-18,5.9584
2022-04-19,5.9615
2022-04-20,5.9302
2022-04-21,5.9197
2022-04-26,5.8863
2022-04-27,5.8688
2022-04-28,5.8871
2022-04-29,5.8793
2022-05-02,5.9101
2022-05-03,5.8976
2022-05-04,5.8789
2022-05-05,5.8671
2022-05-06,5.7768
2022-05-09,5.7831
2022-05-10,5.7757
2022-05-11,5.7968
2022-05-12,5.779
2022-05-13,5.8036
2022-05-16,5.8072
2022-05-17,5.881
2022-05-18,5.8347
2022-05-19,5.8404
2022-05-20,5.8325
2022-05-23,5.8254
2022-05-24,5.7676
2022-05-25,5.7906
2022-05-26,5.8196
2022-05-27,5.8083
2022-05-30,5.8074
2022-05-31,5.8057
2022-06-02,5.7991
2022-06-03,5.7813
2022-06-06,5.778
2022-06-07,5.7856
2022-06-08,5.7918
2022-06-09,5.777
2022-06-10,5.8114
2022-06-14,5.7384
2022-06-15,5.7005
2022-06-16,5.7606
2022-06-17,5.7805
2022-06-20,5.7481
2022-06-21,5.7576
2022-06-22,5.7556
2022-06-23,5.7466
2022-06-24,5.7699
2022-06-27,5.7464
2022-06-28,5.7258
2022-06-29,5.7237
2022-06-30,5.7525
2022-07-01,5.7088
2022-07-04,5.7408
2022-07-05,5.7845
2022-07-06,5.7743
2022-07-07,5.8116
2022-07-08,5.8356
2022-07-11,5.8435
2022-07-12,5.8385
2022-07-13,5.8561
2022-07-14,5.8417
2022-07-15,5.8216
2022-07-18,5.8264
2022-07-19,5.7952
2022-07-20,5.7956
2022-07-21,5.795
2022-07-22,5.8059
2022-07-25,5.8025
2022-07-26,5.8204
2022-07-27,5.8714
2022-07-28,5.8915
2022-07-29,5.8793
2022-08-01,5.8843
2022-08-02,5.8778
2022-08-03,5.8843
2022-08-04,5.8832
2022-08-05,5.8439
2022-08-08,5.8375
2022-08-09,5.8089
2022-08-10,5.8083
2022-08-11,5.8036
2022-08-12,5.7696
2022-08-16,5.7936
2022-08-17,5.8119
2022-08-18,5.7839
2022-08-19,5.7514
2022-08-22,5.7623
2022-08-23,5.7956
2022-08-24,5.7934
2022-08-25,5.7737
2022-08-26,5.7646
2022-08-29,5.7141
2022-08-30,5.6896
2022-08-31,5.6662
2022-09-01,5.6121
2022-09-02,5.5947
2022-09-05,5.5911
2022-09-06,5.6243
2022-09-07,5.6295
2022-09-08,5.5972
2022-09-09,5.6378
2022-09-12,5.6386
2022-09-13,5.6691
2022-09-14,5.6857
2022-09-15,5.6737
2022-09-16,5.6206
2022-09-19,5.6085
2022-09-20,5.6261
2022-09-21,5.6466
2022-09-22,5.662
2022-09-23,5.6284
2022-09-26,5.4791
2022-09-27,5.5513
2022-09-28,5.537
2022-09-29,5.5502
2022-09-30,5.6367
2022-10-03,5.6665
2022-10-04,5.6906
2022-10-05,5.6702
2022-10-06,5.6319
2022-10-07,5.6488
2022-10-10,5.6323
2022-10-11,5.6185
2022-10-12,5.6309
2022-10-13,5.6592
2022-10-14,5.7138
2022-10-17,5.7057
2022-10-18,5.6628
2022-10-19,5.6619
2022-10-20,5.64
2022-10-21,5.6081
2022-10-24,5.6661
2022-10-25,5.622
2022-10-26,5.6349
2022-10-27,5.6315
2022-10-28,5.6901
2022-10-31,5.7084
2022-11-01,5.7099
2022-11-02,5.7125
2022-11-03,5.6649
2022-11-04,5.5999
2022-11-07,5.6006
2022-11-08,5.6124
2022-11-09,5.5874
2022-11-10,5.5952
2022-11-11,5.5885
2022-11-14,5.5928
2022-11-15,5.575
2022-11-16,5.6277
2022-11-17,5.6466
2022-11-18,5.6799
2022-11-21,5.704
2022-11-22,5.6838
2022-11-23,5.7102
2022-11-24,5.7413
2022-11-25,5.7274
2022-11-28,5.6863
2022-11-29,5.6933
2022-12-02,5.7419
2022-12-05,5.7178
2022-12-06,5.6911
2022-12-07,5.7021
2022-12-08,5.6962
2022-12-09,5.7073
2022-12-12,5.7329
2022-12-13,5.7496
2022-12-14,5.7268
2022-12-15,5.716
2022-12-16,5.6327
2022-12-19,5.6544
2022-12-20,5.6199
2022-12-21,5.5994
2022-12-22,5.5635
2022-12-23,5.573
2022-12-27,5.5747
2022-12-28,5.6065
2022-12-29,5.5954
2022-12-30,5.5878
2023-01-03,5.572
2023-01-04,5.602
2023-01-05,5.5809
2023-01-06,5.561
2023-01-09,5.5943
2023-01-10,5.582
2023-01-11,5.57
2023-01-12,5.5861
2023-01-13,5.5749
2023-01-16,5.5737
2023-01-17,5.5665
2023-01-18,5.6114
2023-01-19,5.6181
2023-01-20,5.6182
2023-01-23,5.5862
2023-01-25,5.5473
2023-01-26,5.552
2023-01-27,5.5612
2023-01-30,5.5798
2023-01-31,5.6028
2023-02-01,5.5638
2023-02-02,5.4966
2023-02-03,5.4945
2023-02-06,5.4789
2023-02-07,5.4884
2023-02-08,5.5088
2023-02-09,5.5142
2023-02-10,5.5474
2023-02-13,5.5284
2023-02-14,5.5563
2023-02-15,5.5197
2023-02-16,5.5182
2023-02-17,5.5045
2023-02-20,5.5376
2023-02-21,5.5835
2023-02-22,5.5957
2023-02-23,5.5768
2023-02-24,5.5786
2023-02-27,5.5787
2023-02-28,5.6088
2023-03-01,5.5619
2023-03-02,5.5457
2023-03-03,5.5602
2023-03-06,5.5594
2023-03-07,5.5441
2023-03-08,5.518
2023-03-09,5.5275
2023-03-10,5.5584
2023-03-13,5.5536
2023-03-14,5.5842
2023-03-15,5.5866
2023-03-16,5.586
2023-03-17,5.6132
2023-03-20,5.618
2023-03-21,5.6037
2023-03-22,5.6092
2023-03-23,5.5631
2023-03-24,5.6013
2023-03-27,5.6264
2023-03-28,5.6203
2023-03-29,5.6287
2023-03-30,5.6239
2023-03-31,5.6256
2023-04-03,5.6215
2023-04-04,5.6525
2023-04-05,5.6149
2023-04-06,5.6452
2023-04-07,5.6272
2023-04-10,5.6212
2023-04-11,5.6213
2023-04-12,5.6089
2023-04-13,5.6115
2023-04-18,5.5946
2023-04-19,5.5984
2023-04-20,5.5898
2023-04-21,5.5836
2023-04-24,5.5661
2023-04-25,5.5777
2023-04-26,5.5814
2023-04-27,5.5775
2023-04-28,5.5968
2023-05-02,5.6069
2023-05-03,5.5868
2023-05-04,5.6074
2023-05-05,5.6318
2023-05-08,5.6425
2023-05-09,5.6548
2023-05-10,5.67
2023-05-11,5.6771
2023-05-12,5.6616
2023-05-15,5.6728
2023-05-16,5.6889
2023-05-17,5.6971
2023-05-18,5.7169
2023-05-19,5.7298
2023-05-22,5.7251
2023-05-23,5.7089
2023-05-24,5.7062
2023-05-25,5.7177
2023-05-26,5.7071
2023-05-29,5.711
2023-05-30,5.748
2023-05-31,5.7565
2023-06-02,5.779
2023-06-06,5.7558
2023-06-07,5.7669
2023-06-08,5.7545
2023-06-09,5.7745
2023-06-12,5.7893
2023-06-13,5.7692
2023-06-14,5.7998
2023-06-15,5.7887
2023-06-16,5.7952
2023-06-19,5.8208
2023-06-20,5.8024
2023-06-21,5.7773
2023-06-22,5.7683
2023-06-23,5.8027
2023-06-26,5.7899
2023-06-27,5.7686
2023-06-28,5.7514
2023-06-29,5.7505
2023-06-30,5.7822
2023-07-03,5.7652
2023-07-04,5.7676
2023-07-05,5.7731
2023-07-06,5.7998
2023-07-07,5.8033
2023-07-10,5.7847
2023-07-11,5.8079
2023-07-12,5.8039
2023-07-13,5.7828
2023-07-14,5.7714
2023-07-17,5.7529
2023-07-18,5.7515
2023-07-19,5.7007
2023-07-20,5.69
2023-07-21,5.7073
2023-07-24,5.6993
2023-07-25,5.715
2023-07-26,5.7436
2023-07-27,5.7405
2023-07-28,5.7612
2023-07-31,5.7479
2023-08-01,5.7674
2023-08-02,5.7431
2023-08-03,5.7235
2023-08-04,5.7502
2023-08-07,5.7386
2023-08-08,5.7454
2023-08-09,5.7391
2023-08-10,5.7241
2023-08-11,5.7157
2023-08-14,5.7301
2023-08-16,5.763
2023-08-17,5.772
2023-08-18,5.7854
2023-08-21,5.7732
2023-08-22,5.7875
2023-08-23,5.7777
2023-08-24,5.7633
2023-08-25,5.7595
2023-08-28,5.7446
2023-08-29,5.7647
2023-08-30,5.7453
2023-08-31,5.7643
2023-09-01,5.7777
2023-09-04,5.7847
2023-09-05,5.78
2023-09-06,5.8043
2023-09-07,5.7789
2023-09-08,5.7906
2023-09-11,5.7987
2023-09-12,5.7799
2023-09-13,5.7737
2023-09-14,5.7768
2023-09-15,5.7941
2023-09-18,5.7709
2023-09-19,5.7569
2023-09-20,5.7516
2023-09-21,5.7329
2023-09-22,5.7134
2023-09-25,5.7103
2023-09-26,5.7148
2023-09-27,5.7209
2023-09-28,5.7597
2023-09-29,5.7433
2023-10-02,5.7415
2023-10-03,5.7323
2023-10-04,5.75
2023-10-05,5.7344
2023-10-06,5.739
2023-10-09,5.7469
2023-10-10,5.7459
2023-10-11,5.7481
2023-10-12,5.7479
2023-10-13,5.7473
2023-10-16,5.7268
2023-10-17,5.7263
2023-10-18,5.7353
2023-10-19,5.7064
2023-10-20,5.6914
2023-10-23,5.7029
2023-10-24,5.7164
2023-10-25,5.6883
2023-10-26,5.692
2023-10-27,5.7085
2023-10-30,5.6915
2023-10-31,5.6781
2023-11-01,5.7168
2023-11-02,5.6978
2023-11-03,5.7072
2023-11-06,5.7391
2023-11-07,5.7207
2023-11-08,5.707
2023-11-09,5.7092
2023-11-10,5.6833
2023-11-13,5.6924
2023-11-14,5.6996
2023-11-15,5.7046
2023-11-16,5.6837
2023-11-17,5.6865
2023-11-20,5.6749
2023-11-21,5.6963
2023-11-22,5.7108
2023-11-23,5.7135
2023-11-24,5.7252
2023-11-27,5.725
2023-11-28,5.7376
2023-11-29,5.7463
2023-12-04,5.7886
2023-12-05,5.7927
2023-12-06,5.8001
2023-12-07,5.8029
2023-12-08,5.7949
2023-12-11,5.7989
2023-12-12,5.7879
2023-12-13,5.7757
2023-12-14,5.7697
2023-12-15,5.797
2023-12-18,5.7635
2023-12-19,5.7728
2023-12-20,5.7419
2023-12-21,5.7318
2023-12-22,5.7365
2023-12-27,5.7218
2023-12-28,5.7227
2023-12-29,5.7225
2024-01-03,5.7426
2024-01-04,5.7685
2024-01-05,5.7711
2024-01-08,5.7747
2024-01-09,5.7852
2024-01-10,5.7778
2024-01-11,5.778
2024-01-12,5.7867
2024-01-15,5.7859
2024-01-16,5.7747
2024-01-17,5.8027
2024-01-18,5.7961
2024-01-19,5.7989
2024-01-22,5.8079
2024-01-23,5.82
2024-01-25,5.8181
2024-01-26,5.8322
2024-01-29,5.8422
2024-01-30,5.8226
2024-01-31,5.8235
2024-02-01,5.8224
2024-02-02,5.8308
2024-02-05,5.827
2024-02-06,5.8148
2024-02-07,5.8377
2024-02-08,5.8296
2024-02-09,5.8258
2024-02-12,5.8262
2024-02-13,5.8501
2024-02-14,5.8328
2024-02-15,5.82
2024-02-16,5.8173
2024-02-19,5.8269
2024-02-20,5.8086
2024-02-21,5.8143
2024-02-22,5.8121
2024-02-23,5.8238
2024-02-26,5.8128
2024-02-27,5.8072
2024-02-28,5.8118
2024-02-29,5.8022
2024-03-01,5.8083
2024-03-04,5.8041
2024-03-05,5.813
2024-03-06,5.8146
2024-03-07,5.8198
2024-03-08,5.8319
2024-03-11,5.832
2024-03-12,5.8129
2024-03-13,5.8116
2024-03-14,5.8218
2024-03-15,5.8212
2024-03-18,5.8088
2024-03-19,5.8166
2024-03-20,5.8266
2024-03-21,5.8165
2024-03-22,5.7849
2024-03-25,5.8002
2024-03-26,5.7966
2024-03-27,5.7967
2024-03-28,5.8167
2024-03-29,5.8126
2024-04-01,5.8152
2024-04-02,5.8148
2024-04-03,5.8041
2024-04-04,5.7955
2024-04-05,5.7907
2024-04-08,5.7923
2024-04-09,5.7986
2024-04-10,5.8075
2024-04-11,5.8071
2024-04-12,5.8281
2024-04-15,5.8274
2024-04-16,5.8284
2024-04-17,5.8294
2024-04-18,5.8158
2024-04-19,5.8125
2024-04-22,5.7677
2024-04-23,5.7698
2024-04-24,5.7878
2024-04-25,5.8067
2024-04-26,5.8018
2024-04-29,5.82
2024-04-30,5.8194
2024-05-02,5.818
2024-05-07,5.7992
2024-05-08,5.7804
2024-05-09,5.7883
2024-05-10,5.7832
2024-05-13,5.7819
2024-05-14,5.7827
2024-05-15,5.8018
2024-05-16,5.7994
2024-05-17,5.8059
2024-05-20,5.8147
2024-05-21,5.8203
2024-05-22,5.8379
2024-05-23,5.8369
2024-05-24,5.8371
2024-05-27,5.8429
2024-05-28,5.844
2024-05-29,5.8519
2024-05-30,5.8507
2024-05-31,5.8378
2024-06-03,5.8343
2024-06-04,5.8405
2024-06-05,5.8456
2024-06-06,5.8466
2024-06-07,5.8452
2024-06-10,5.8813
2024-06-11,5.8931
2024-06-12,5.9031
2024-06-13,5.8891
2024-06-14,5.9174
2024-06-17,5.8855
2024-06-18,5.8856
2024-06-19,5.901
2024-06-20,5.8945
2024-06-21,5.8883
2024-06-25,5.8873
2024-06-26,5.9003
2024-06-27,5.882
2024-06-28,5.88
2024-07-01,5.8622
2024-07-02,5.8694
2024-07-03,5.8751
2024-07-04,5.877
2024-07-05,5.8771
2024-07-08,5.8857
2024-07-09,5.8865
2024-07-10,5.8887
2024-07-11,5.9053
2024-07-12,5.9158
2024-07-15,5.9149
2024-07-16,5.9096
2024-07-17,5.9215
2024-07-18,5.9059
2024-07-19,5.897
2024-07-22,5.9007
2024-07-23,5.9082
2024-07-24,5.9171
2024-07-25,5.9
2024-07-26,5.8914
2024-07-29,5.8851
2024-07-30,5.9065
2024-07-31,5.8972
2024-08-01,5.8891
2024-08-02,5.8578
2024-08-05,5.7962
2024-08-06,5.7941
2024-08-07,5.7958
2024-08-08,5.7704
2024-08-09,5.8158
2024-08-12,5.8106
2024-08-13,5.8309
2024-08-14,5.7993
2024-08-16,5.8414
2024-08-19,5.8457
2024-08-20,5.8431
2024-08-21,5.8312
2024-08-22,5.8613
2024-08-23,5.8753
2024-08-26,5.873
2024-08-27,5.8967
2024-08-28,5.9072
2024-08-29,5.9207
2024-08-30,5.9203
2024-09-02,5.9032
2024-09-03,5.9089
2024-09-04,5.9029
2024-09-05,5.8959
2024-09-06,5.8944
2024-09-09,5.8889
2024-09-10,5.9016
2024-09-11,5.8944
2024-09-12,5.894
2024-09-13,5.8899
2024-09-16,5.899
2024-09-17,5.9047
2024-09-18,5.9056
2024-09-19,5.911
2024-09-20,5.9252
2024-09-23,5.9502
2024-09-24,5.9772
2024-09-25,5.9519
2024-09-26,5.9642
2024-09-27,5.9711
2024-09-30,5.9563
2024-10-01,5.9766
2024-10-02,5.9751
2024-10-03,5.9133
2024-10-04,5.9447
2024-10-07,5.9374
2024-10-08,5.9304
2024-10-09,5.9394
2024-10-10,5.9517
2024-10-11,5.9437
2024-10-14,5.9421
2024-10-15,5.9644
2024-10-16,5.9452
2024-10-17,5.9484
2024-10-18,5.9815
2024-10-21,5.9672
2024-10-22,5.9669
2024-10-23,5.986
2024-10-24,5.9707
2024-10-25,5.9656
2024-10-28,5.9688
2024-10-29,5.9767
2024-10-30,5.9572
2024-10-31,5.9436
2024-11-01,5.9156
2024-11-04,5.9164
2024-11-05,5.9304
2024-11-06,5.9683
2024-11-07,5.97
2024-11-08,5.9835
2024-11-11,6.008
2024-11-12,6.0072
2024-11-13,5.9723
2024-11-14,5.9824
2024-11-15,5.966
2024-11-18,5.9544
2024-11-19,5.9529
2024-11-20,5.9713
2024-11-21,5.9743
2024-11-22,5.9774
2024-11-25,5.9683
2024-11-26,5.9563
2024-11-27,5.9642
2024-11-28,5.9783
2024-11-29,5.9807
2024-12-02,6.0111
2024-12-03,5.9957
2024-12-04,6.0043
2024-12-05,6.0143
2024-12-06,6.0025
2024-12-09,6.0023
2024-12-10,6.0224
2024-12-11,6.0241
2024-12-12,6.0336
2024-12-13,5.9954
2024-12-16,5.9983
2024-12-17,6.0219
2024-12-18,6.0232
2024-12-19,6.043
2024-12-20,5.991
2024-12-23,6.007
2024-12-24,6.0002
2024-12-27,5.9853
2024-12-30,6.0022
2024-12-31,5.9951
2025-01-03,5.9967
2025-01-08,6.0012
2025-01-09,5.9269
2025-01-10,5.9363
2025-01-13,5.9109
2025-01-14,5.908
2025-01-15,5.9005
2025-01-16,5.9018
2025-01-17,5.8939
2025-01-20,5.88
2025-01-21,5.8878
2025-01-22,5.8894
2025-01-23,5.8884
2025-01-27,5.9205
2025-01-28,5.9347
2025-01-29,5.9378
2025-01-30,5.9466
2025-01-31,5.9541
2025-02-03,5.9826
2025-02-04,5.9829
2025-02-05,5.988
2025-02-06,5.963
2025-02-07,5.9683
2025-02-10,5.9796
2025-02-11,5.9642
2025-02-12,5.9687
2025-02-13,5.9705
2025-02-14,5.9799
2025-02-17,5.9787
2025-02-18,5.9915
2025-02-19,6.0111
2025-02-20,6.0138
2025-02-21,6.0152
2025-02-24,6.0054
2025-02-25,6.0007
2025-02-26,5.9965
2025-02-27,6.0207
2025-02-28,6.0281
2025-03-03,6.0274
2025-03-04,6.0235
2025-03-05,5.9694
2025-03-06,5.9344
2025-03-07,5.9195
2025-03-10,5.9245
2025-03-11,5.9066
2025-03-12,5.9026
2025-03-13,5.9317
2025-03-14,5.9082
2025-03-17,5.918
2025-03-18,5.9132
2025-03-19,5.9185
2025-03-20,5.9407
2025-03-21,5.9445
2025-03-24,5.9493
2025-03-25,5.9532
2025-03-26,5.9508
2025-03-27,5.9711
2025-03-28,5.9795
2025-03-31,5.946
2025-04-01,5.9509
2025-04-02,5.9635
2025-04-03,5.9419
2025-04-04,5.8826
2025-04-07,5.8379
2025-04-08,5.8053
2025-04-09,5.7821
2025-04-10,5.7999
2025-04-11,5.733
2025-04-14,5.7573
2025-04-15,5.812
2025-04-16,5.8128
2025-04-17,5.794
2025-04-22,5.789
2025-04-23,5.8057
2025-04-24,5.8179
2025-04-25,5.8304
2025-04-28,5.8531
2025-04-29,5.8568
2025-04-30,5.8518
2025-05-02,5.8378
2025-05-05,5.8391
2025-05-06,5.9272
2025-05-07,5.9866
2025-05-08,6.0212
2025-05-09,6.0357
2025-05-12,6.0501
2025-05-13,6.0646
2025-05-14,6.0523
2025-05-15,6.0511
2025-05-16,6.0595
2025-05-19,5.976
2025-05-20,6.0422
2025-05-21,6.0028
2025-05-22,5.9985
2025-05-23,6.0107
2025-05-26,6.0313
2025-05-27,6.0415
2025-05-28,6.0261
2025-05-29,6.0509
2025-05-30,6.0206
2025-06-02,5.9937
2025-06-03,5.9912
2025-06-04,6.0092
2025-06-05,6.0049
2025-06-06,5.9763
2025-06-10,5.951
2025-06-11,5.9332
2025-06-12,5.903
2025-06-13,5.9148
2025-06-16,5.8984
2025-06-17,5.8911
2025-06-18,5.8898
2025-06-19,5.8878
2025-06-20,5.9083
2025-06-23,5.8892
2025-06-24,5.9225
2025-06-25,5.9296
2025-06-26,5.9461
2025-06-27,5.9583
2025-06-30,5.9329
2025-07-01,5.9171
2025-07-02,5.8933
2025-07-03,5.8612
2025-07-04,5.8673
2025-07-07,5.8692
2025-07-08,5.8708
2025-07-09,5.8926
2025-07-10,5.8916
2025-07-11,5.8849
2025-07-14,5.8584
2025-07-15,5.8503
2025-07-16,5.8473
2025-07-17,5.8607
2025-07-18,5.8607
2025-07-21,5.8582
2025-07-22,5.8453
2025-07-23,5.85
2025-07-24,5.8424
2025-07-25,5.8168
2025-07-28,5.8297
2025-07-29,5.8533
2025-07-30,5.8792
2025-07-31,5.8741
2025-08-01,5.8565
2025-08-04,5.8331
2025-08-05,5.8413
2025-08-06,5.8243
2025-08-07,5.811
2025-08-08,5.8585
2025-08-11,5.8565
2025-08-12,5.8777
2025-08-13,5.8596
2025-08-14,5.8856
2025-08-18,5.8677
2025-08-19,5.8527
2025-08-20,5.8679
2025-08-21,5.8482
2025-08-22,5.8454
2025-08-25,5.8325
2025-08-26,5.8533
2025-08-27,5.8714
2025-08-28,5.873
2025-08-29,5.85
2025-09-01,5.8564
2025-09-02,5.848
2025-09-03,5.84
2025-09-04,5.8611
2025-09-05,5.8571
2025-09-08,5.8432
2025-09-09,5.8581
2025-09-10,5.8651
2025-09-11,5.8604
2025-09-12,5.8565
2025-09-15,5.8585
2025-09-16,5.8462
2025-09-17,5.8389
2025-09-18,5.8441
2025-09-19,5.8251
2025-09-22,5.8203
2025-09-23,5.809
2025-09-24,5.8165
2025-09-25,5.8121
2025-09-26,5.8068
2025-09-29,5.8217
2025-09-30,5.8159
2025-10-01,5.8323
2025-10-02,5.8393
2025-10-03,5.8302
2025-10-06,5.8587
2025-10-07,5.8662
2025-10-08,5.8842
2025-10-09,5.8664
2025-10-10,5.8456
2025-10-13,5.856
2025-10-14,5.8418
2025-10-15,5.8384
2025-10-16,5.8646
2025-10-17,5.8416
2025-10-20,5.8595
2025-10-21,5.8542
2025-10-22,5.8393
2025-10-23,5.8522
2025-10-24,5.8344
2025-10-27,5.8295
2025-10-28,5.8074
2025-10-29,5.7688
2025-10-30,5.7719
2025-10-31,5.7713
2025-11-03,5.7988
2025-11-04,5.7811
2025-11-05,5.769
2025-11-06,5.7769
2025-11-07,5.7723
2025-11-10,5.7881
2025-11-11,5.7726
2025-11-12,5.7681
2025-11-13,5.7585
2025-11-14,5.7545
2025-11-17,5.7679
2025-11-18,5.7722
2025-11-19,5.7655
2025-11-20,5.7733
2025-11-21,5.7709
2025-11-24,5.7716
2025-11-25,5.7902
2025-11-26,5.79
2025-11-27,5.8106
2025-11-28,5.8158
2025-12-02,5.7849
2025-12-03,5.7984
2025-12-04,5.8241
2025-12-05,5.831
2025-12-08,5.82
2025-12-09,5.8278
2025-12-10,5.8244
2025-12-11,5.8179
2025-12-12,5.8057
2025-12-15,5.8005
2025-12-16,5.8138
2025-12-17,5.792
2025-12-18,5.7972
2025-12-19,5.814
2025-12-22,5.8273
2025-12-23,5.8301
2025-12-24,5.8317
2025-12-29,5.8401
2025-12-30,5.8521
2025-12-31,5.8335
2026-01-05,5.8633
2026-01-08,5.856
2026-01-09,5.8578
2026-01-12,5.8643
2026-01-13,5.8778
2026-01-14,5.8752
2026-01-15,5.8684
2026-01-16,5.8745
2026-01-19,5.8746
2026-01-20,5.8542
2026-01-21,5.8358
2026-01-22,5.8588
2026-01-23,5.8734
2026-01-26,5.8747
2026-01-27,5.8732
2026-01-28,5.8622
2026-01-29,5.8825
2026-01-30,5.8755
2026-02-02,5.8854
2026-02-03,5.9031
2026-02-04,5.9129
2026-02-05,5.873
2026-02-06,5.863
2026-02-09,5.8461
2026-02-10,5.84
2026-02-11,5.8539
2026-02-12,5.8488
2026-02-13,5.8511
2026-02-16,5.8604
2026-02-17,5.8503
2026-02-18,5.8422
2026-02-19,5.8285
2026-02-20,5.8393
2026-02-23,5.8359
2026-02-24,5.834
2026-02-25,5.8436
2026-02-26,5.8465
2026-02-27,5.8182
2026-03-02,5.8197
2026-03-03,5.8431
2026-03-04,5.8584
2026-03-05,5.8528
2026-03-06,5.8664
2026-03-09,5.882
2026-03-10,5.8894
2026-03-11,5.9009
2026-03-12,5.9021
2026-03-13,5.8949
2026-03-16,5.8931
2026-03-17,5.8986
2026-03-18,5.8945
2026-03-19,5.898
2026-03-20,5.8974
2026-03-23,5.8862
2026-03-24,5.8929
2026-03-25,5.888
2026-03-26,5.8875
2026-03-27,5.8905
2026-03-30,5.8719
2026-03-31,5.8749
2026-04-01,5.8466
2026-04-02,5.84
2026-04-03,5.8451
2026-04-06,5.8445
2026-04-07,5.8481
2026-04-08,5.8559
2026-04-09,5.8478
2026-04-14,5.8512
2026-04-15,5.8576
2026-04-16,5.8523
2026-04-17,5.8502
2026-04-20,5.8558
